post_id,comment_id,body,score
jptq5n,gbgqoci,"Donnie, youâ€™re fired.",20130
jptq5n,gbgqqe7,"ABC calls it! CNN calls it! MSNBC calls it!

FOX IS NOW CALLING IT! AP IS CALLING IT! BBC IS CALLING IT!

CBS HAS CALLED IT! NYT HAS CALLED IT! EVEN BRIETBART HAS CALLED IT!

EVERYBODY IS CALLING IT!

&#x200B;

THIS RACE IS OVER!",19215
jptq5n,gbgqpvd,EVERYBODY GET IN HERE! Now we celebrate.,12206
jptq5n,gbgvqkt,"We can also say goodbye and a hearty fuck you to Giuliani, DeJoy, Devos, Pompeo, Mnuchin, Barr, Conway, and his entire group of gremlin children among others. 

A group large enough to make some sort of evil softball team is getting the boot. Beautiful day.

Edit: Was told I made a mistake leaving out Ajit Pai and I definitely agree. The list is long of people I hope we never see or hear from again.

Edit2: Many have pointed out my glaring omission of Stephen Miller. This far-right white supremacist and anti-immigration Trump sycophant was [ready to double down](https://www.nbcnews.com/politics/immigration/trump-adviser-stephen-miller-reveals-aggressive-second-term-immigration-agenda-n1245407) on his position in a second term. A lot of the beauty in our country comes from our diversity in both the landscapes and the people.",11715
jptq5n,gbgrrig,"Let us not soon forget that this victory was never guaranteed. We need to vote like this, every time.",10366
krntg6,giau49g,"Well... bye. 

Fucker",22929
krntg6,giaxg4p,His biggest fear: becoming a minority.,16248
krntg6,giauq47,So... Minority Mitch?,15184
krntg6,giavq80,Fuck Mitch McConnell,13923
krntg6,giaxoma,What we saw in Georgia speaks in volumes to the magnitude of voter suppression in the south. Stacey Abrams and her team really underscored the possibility that Georgia may never have even truly been red  just suppressed.,13397
ecm1zg,fbcbhsa,"How about that, he finally won the popular vote.",23928
ecm1zg,fbcabxl,"VOTING MATTERS.

These last few months have proven beyond a shadow of a doubt that this impeachment would never have happened if voters hadnâ€™t come out in such great numbers in 2018. 

So do it again, do it better, stay informed and stay on fire for truth and justice, check your registrations, get your friends and neighbors and coworkers and exes and strangers on the street to go with you en masse and VOTE in 2020 in such high numbers that attempts to steal the election or interfere with the outcome fail. Change is still possible and this nation can recover, but it wonâ€™t without you.",12241
ecm1zg,fbcb6je,"This isn't the end. Please Register to vote for 2020. Check your status on your state's registration website and make sure you are registered and it's active. They can and will purge you into inactive and you will not be able to vote when you get to the polls.

Find the dates of the booths and locations to vote and be sure to schedule time off from work even if just a couple of hours. Get your friends to register and make sure they have the time and transportation to get there. If we don't win in the senate, we will win in the polls.

Vote Him Out.

EDIT: Thanks for the medals!

You can check your voter Registration here: https://www.vote.org/am-i-registered-to-vote/",11213
ecm1zg,fbcb5tz,"Forever and ever on wikipedia


https://en.m.wikipedia.org/wiki/List_of_presidential_impeachments",10263
ecm1zg,fbcbunc,"I posted this as I watched it live in the Live Thread. In case anyone wasnâ€™t able to watch the live debates this evening, Adam Schiff delivered the quote of this century which deserves its place in history. 


Adam Schiff waited patiently as John Ratcliffe delivered fire and brimstone against the Democrats, the Unfair Process, the Unnamed Whistleblower, and then cooly laid a fucking poetic sledgehammer and leveled every Republican response, in one line:

Rep John Ratcliffe, (R) Texas:   â€œHistory will remember this day as the day the Democrats impeached the president for nothing more than spite.â€

Adam Schiff, (D) California;   **â€Madam Speaker, I think when the history of this time is written, it will record that when my colleagues found they lacked the courage to stand up to this unethical president, they consoled themselves by attacking those who did.â€**

Schiff is a uniquely gifted orator. These 39 words will be immortalized in history as one sentence which so brilliantly and concisely summarized the willing, blindful, repugnant actions of the GOP, offset by the Democrats trying to ballast our democracy by impeaching this dangerous and corrupt president.


.
.
.
.

**Edit**: Voting in 2018 made this happen. People were pissed, and disgusted, and exasperated, by the direction the country had gone under full republican control in *less than* 2 years. 

At that time I wasnâ€™t sure if I was registered to vote, then listened to a podcast of Pod Save America (plugging them because I learn more from this podcast than any other on politics) they lead me to this link:

https://www.vote.org/am-i-registered-to-vote/

Folks, if youâ€™re not sure if you are registered, or even if you are sure, just take the 30 seconds to confirm if you are registered to vote. And if you arenâ€™t, well here ya go:

https://www.usa.gov/register-to-vote

**Edit 2** Also adding the link to fair fight. 

This is the initiative Stacey Abrahms has initiated to protect voter registration rights, to stop funny business from unscrupulous voting suppression shenanigans the GOP has been deploying - thanks fellow Redditer for he suggestion. 


https://fairfight.com/

**Edit 3**  **(my favorite edit ever)**

*A fellow Redditer sent me a message just now, informing me they registered to vote, from the link I attached above. That is the best fucking result Iâ€™ve received of any single post Iâ€™ve ever submitted. Beats all the cool blings and upvotes and cool comments Iâ€™ve received on my two years on Reddit. Thank you friend for registering!*

Great feeling being able to canvass from my couchðŸ˜",9844
jcm5dz,g927kku,Weird way to spell flee,38081
jcm5dz,g927kwi,"That's such a fun way to say ""flee to avoid criminal prosecution""",19279
jcm5dz,g928mpp,"â€œI love America but Iâ€™ll turn my back on it in a secondâ€

Asswipe",19023
jcm5dz,g927rcf,Don the Con is looking for a host nation that has no extradition treaty with the U.S.,13823
jcm5dz,g927lt5,Stop.  Don't.  Come back.,12728
i19sjg,fzvkkzl,"Thousands of people died because they didnâ€™t want to help people that didnâ€™t support them. 

These people are evil.",19930
i19sjg,fzvp4o1,"He needs to be in prison, they all need to be in prison. Someone tell me how this isn't mass murder?",11508
i19sjg,fzvotuf,"[https://www.dailykos.com/stories/2020/4/5/1934490/-Many-People-Say-Trump-Kushner-Stole-OUR-Stockpile-Gave-It-To-China-To-Help-Trump-s-Reelection](https://www.dailykos.com/stories/2020/4/5/1934490/-Many-People-Say-Trump-Kushner-Stole-OUR-Stockpile-Gave-It-To-China-To-Help-Trump-s-Reelection)

**April 05, 2020 - Many People Say: Trump/Kushner Stole ""OUR"" Stockpile, Gave It To China To Help Trump's Reelection**

\*\*\*

[https://www.latimes.com/politics/story/2020-04-07/hospitals-washington-seize-coronavirus-supplies](https://www.latimes.com/politics/story/2020-04-07/hospitals-washington-seize-coronavirus-supplies)

**APRIL 7, 2020 - Hospitals say feds are seizing masks and other coronavirus supplies without a word**

\*\*\*

[https://www.businessinsider.com/coronavirus-federal-govt-fema-accused-taking-states-masks-ventilator-orders-2020-4](https://www.businessinsider.com/coronavirus-federal-govt-fema-accused-taking-states-masks-ventilator-orders-2020-4)

**Apr 8, 2020 - Officials in at least 6 states are accusing the federal government of quietly diverting their orders for coronavirus medical equipment**

\*\*\*

[https://www.youtube.com/watch?v=OjzX8vn6-M4](https://www.youtube.com/watch?v=OjzX8vn6-M4)

**Apr 13, 2020 - Trump Admin Still Stealing PPE Supplies Puts States On Guard**

\*\*\*

[https://nymag.com/intelligencer/2020/04/hospitals-face-a-white-house-blockade-for-coronavirus-ppe.html](https://nymag.com/intelligencer/2020/04/hospitals-face-a-white-house-blockade-for-coronavirus-ppe.html)

**APR. 19, 2020 - The White House Has Erected a Blockade Stopping States and Hospitals From Getting Coronavirus PPE**

\*\*\*

[https://www.salon.com/2020/04/21/states-smuggle-covid-19-medical-supplies-to-avoid-federal-seizures-as-house-probes-jared-kushner/](https://www.salon.com/2020/04/21/states-smuggle-covid-19-medical-supplies-to-avoid-federal-seizures-as-house-probes-jared-kushner/)

**APRIL 21, 2020 - States smuggle COVID-19 medical supplies to avoid federal seizures as House probes Jared Kushner -- Health officials go to dramatic lengths to hide shipments of critical supplies from the federal government**

\*\*\*

[https://www.firehouse.com/safety-health/ppe/news/21135371/fema-diverts-1m-masks-meant-for-miamidade-firefighters](https://www.firehouse.com/safety-health/ppe/news/21135371/fema-diverts-1m-masks-meant-for-miamidade-firefighters)

**Apr 23rd, 2020 - FEMA Diverts 1M Masks Meant for Miami-Dade Firefighters -- Miami-Dadeâ€™s emergency director claimed a shipment of N95 masks needed to protect first responders from COVID-19 was â€œhijackedâ€ by federal authorities last week.**

\*\*\*

[https://www.snopes.com/fact-check/trump-admin-seizing-ppe/](https://www.snopes.com/fact-check/trump-admin-seizing-ppe/)

**24 APRIL 2020  - Is Trump Admin Seizing COVID-19 Protective Equipment from States? -- An urgent shortage persists of N95 masks and other supplies in U.S. medical facilities.**

\*\*\*

[https://www.vanityfair.com/news/2020/05/how-the-federal-government-took-control-of-the-ppe-pipeline](https://www.vanityfair.com/news/2020/05/how-the-federal-government-took-control-of-the-ppe-pipeline)

**MAY 6, 2020 - â€œLike a Bully at the Lunchroomâ€: How the Federal Government Took Control of the PPE Pipeline -- FEMA denies seizing shipments of masks and ventilators, but hospital workers tell a different story, and one medical-equipment supplier says the agencyâ€”â€œthose rat bastardsâ€â€”along with the FBI, has taken over his entire operation.**

\*\*\*


**FINAL ADDITION -- I've edited this comment a few times to add more news stories, but I'm going to close out with this. It's not *only* US healthcare workers, but it should get the point across.**

https://www.medscape.com/viewarticle/927976

**In Memoriam: Healthcare Workers Who Have Died of COVID-19**
___

Edit 3:55p eastern: re-arranged in chrono order at the urging of /u/chaseazt

My original comment before I started pulling in more links:

They were running rampant in March/April/May. Google ""PPE theft kushner"", masks kushner, etc. This is why we don't see his dumb reptile face in front of the cameras anymore. How many died because they stole PPE from blue states and cities?

EDIT later Friday night: THANK YOU for all the gildings, people. Please also consider donating to high-stakes races for the senate and other downballot candidates. Please see /r/votedem for more info, or google actblue, or Cal Cunningham, Jaime Harrison, among others.

V O T E",9457
i19sjg,fzvowtn,"Resign? No. He should rot in jail. He made a decision (using a position for which he was neither elected, confirmed nor qualified) to abandon tens of thousands of people to die for political gain.",8439
i19sjg,fzvnntp,The trump administration used the Covid virus as a bio-weapon against Democrats. They're domestic terrorists.,8040
h7ic8s,ful4nod,Some of those that work forces are the same that burn crosses.,14658
h7ic8s,ful2t1w,Iâ€™m not American and Iâ€™m surprised they havenâ€™t been declared a terror group. Seriously?! Not any time in the last 40 years?,9244
h7ic8s,ful7na5,"Those in ultimate power over the decades have also had ties. Here in Tennessee, our governor declares every July 13th Nathan Bedford Forrest Day. The bust of the first Grand Wizard of the KKK remains in the capital building and our state voted to keep it there. Ugh!

Edit: Wow, thank you for the gold kind stranger.

Edit 2: Yes, you all are correct. He was the first Grand Wizard.",5704
h7ic8s,fulkivt,">Currently, the KKK are classified as a domestic extremist group **as there is no definition for domestic terrorism organizations in the U.S.**

For all those people in this thread who are asking why they havenâ€™t been listed as such already itâ€™s because there is no legal domestic terrorist organization list or process to have one, itâ€™s also why trumps threat to label something as nebulous as antifa as domestic terrorists is not part of the legal process and itâ€™s just him using words he doesnâ€™t understand.",4602
h7ic8s,ful8rnq,I struggled to read that as a ratm lyric for the first two sentences lol,2110
l1ynt4,gk25rkj,[Over 400K Americans died under Trump's watch from covid](https://www.nbcnews.com/news/us-news/live-blog/2021-01-19-covid-live-updates-vaccine-news-n1254624) and Trump didn't even have a fucking plan for vaccine distribution.  All he cared about was reversing the election and killing democracy in his final months.  Fuck that guy.,24120
l1ynt4,gk25hgr,"This feels like a scandal, NOW we know why Trump didn't want to help out the Biden transition, he didn't do shit",18538
l1ynt4,gk267fu,"So back in March/April 2020, when people were saying ""he wants us to die"" ... that wasn't hyperbole after all?",12336
l1ynt4,gk25wtb,"> he didn't do shit

He spent the last several months focused on overturning the election. He didn't care how many Americans were dying or how much they were suffering.",11808
l1ynt4,gk27udz,It's worse than that. He *wanted* the pandemic to get *as bad as possible*. That was the actual plan.,9770
jsi48r,gbzgwfc,[removed],9464
jsi48r,gbz9ez0,No recount in PA means little reason left for Trump's administration to delay the transition any further.,8133
jsi48r,gbzbkis,I'll find it amusing if Trump bankrupts the GOP  on the way out with frivolous recounts.,7628
jsi48r,gbzd31v,He now leads Trump by 10k more then what Trump had over Hillary in 2016.,7475
jsi48r,gbzebyo,Heâ€™s bankrupting the unemployed coal workers sending him money to â€˜own the libsâ€™ the Republican party is actually getting richer,4755
l1902k,gjxz58t,[deleted],10872
l1902k,gjxwhu7,This is the single greatest thing Trump has ever done for America.,6325
l1902k,gjxyjbw,My condolences to all of you blue voters in Florida.,5600
l1902k,gjxyj0i,I love Take Out the Trash Day,5035
l1902k,gjy4kkk,He finally Made America Great Again.,4277
g03uny,fn7l5y2,"Why is Election Day not a national holiday?? Oh right, because voter suppression.",9019
g03uny,fn7quln,">**""We need to make Election Day a holiday,"" Northam had said in his State of the Commonwealth speech earlier this year.**  
>  
>**""We can do it by ending the Lee-Jackson holiday that Virginia holds ... It commemorates a lost cause. It's time to move on.""**

Agreed. I don't care if it's part of a racist ""heritage and culture"" they are always talking about.",7775
g03uny,fn7xymj,[deleted],5144
g03uny,fn7mux5,"Why aren't post-paid, mail-in ballots the predominant method of voting?

Also motor-voter registration?",3683
g03uny,fn7n242,"Virgina is on a roll these days, thanks to all the voters who came out and made a difference.",2974
5su9ig,ddhus92,"Legally, it's not technically an issue. Is it an ethical concern? Absolutely. Having the president publicly criticizing corporations and individuals for their dealings with members of his family or his private businesses is a serious ethical issue that can have real-world ramifications for anyone the president targets with his ire. The fact that he hasn't divested his private business interests is also an ethical issue that compounds the first issue.

In this case, I'm not sure that Donald Trump understands ethics in government as a concept, much less business ethics. That explains why we continue to see this behavior.

Will he suffer any tangible consequences for it? I doubt it. He hasn't suffered any so far, and this has been an issue for months even before the inauguration. The Republican-controlled Congress doesn't seem to care about what Trump does, as long as he continues to help them push their agenda forward and maintains the (R) next to his name.

This is all to say nothing of the cognitive dissonance required for Donald Trump to criticize Nordstrom for not doing business with his daughter, when just a few months ago he was talking about how using tax loopholes to minimize his businesses owed taxes **isn't** unfair it just ""makes (him) smart"".

Apparently it's okay for a business to exercise its rights when it benefits Donald Trump or someone he likes, but it's not okay for them to exercise their rights when it is negative for Trump, or his friends/family. Then it's just ""unfair"".",5528
5su9ig,ddhzy9d,"So, since this post came up, the official PotUS Twitter has retweeted the Nordstrom complaint",1956
5su9ig,ddhvm9v,"It could also have a chilling effect on new business with the Trumps.  Would you want to go into business with someone who could wreck you if things don't go their way?  

EDIT: effect, not affect",1310
5su9ig,ddhuan3,"Given his approval ratings, I wonder if Trump complaining about Nordstrom will hurt them or help them. ",926
5su9ig,ddi8hx9,Spicer also commented calling it an attack on the president. Tax payer dollars paying for this. ,916
6a8jl9,dhcl5b1,">While I greatly appreciate you informing me, on three separate occasions, that I am not under investigation, I nevertheless concur with the judgment of the Department of Justice that you are not able to effectively lead the Bureau.

Reminds me a lot of Nixon. What's particularly ironic is that the recommendation came from Sessions - the person who recused himself from the Russia investigation recommended firing the person in charge of the Russia investigation.",3049
6a8jl9,dhcn2k0,[deleted],2202
6a8jl9,dhclhit,[removed],1277
6a8jl9,dhcl3oh,"This is really interesting. Comey has made a ton of mistakes lately, but the optics of this are just awful.  I *highly* doubt the firing is due *solely* to the handling of the Clinton investigation.  

Edit: I also find the reaction (or lack thereof) from Congress on this to be a little disquieting.  

Edit: now there has been plenty of Congressional officials criticizing the firing.",1264
6a8jl9,dhcoy3r,"> ""If we do not get an independent investigator, the American people will rightly expect that there is a cover up going on."" 

The Republican leadership's reaction(and republican base's reaction) to the firing is going to be very telling. Its hard to believe that all of them are going to toe the party line, say the firing was because of testimony surrounding Hillary emails from last July,  and pretend like the timing of Comey's firing was entirely coincidental. In the same breath, I don't know which republicans I have faith in to actually buck Trump. Maybe Graham is finally moving in that direction?

Hypothetically, if the Republicans choose not to appoint a special prosecutor, and Trump is allowed to insert a loyalist in as head of the FBI, are there any failsafes remaining to prevent the Russian investigation from being effectively stopped? ",1076
5txzyf,ddpwrwq,"The Trump team has about 8 hours to come up with a DAMN good response to the question: ""What did the President know about Flynn's dealings with Russia."" 

There really is no other precedent, and the issue will be hard to spin. Most importantly, this reaffirms fears that congressional Republicans had with Trump. Out of anything that has happened thus far, this will strain Trump's relationship with Congress the most. 

This type of scenario needs nuanced communications and deep legal understanding, neither of which are this administration's strong suit. If Trump defends Flynn, who apparently is strongly liked by the President and Bannon, it will be the creation of a huge political scandal. 
",1979
5txzyf,ddpwndk,[deleted],1424
5txzyf,ddpwjpy,[removed],1356
5txzyf,ddpwtlw,"The Russia story is going to explode again. This is going to be a media frenzy. In response, the Trump admin is going to try to pin the entire Russia story on Flynn and wrap it up in a nice little package, but that probably won't work. 

Questions remaining: Why was Conway so sure of Trump's total confidence in Flynn? Was she out of the loop? Was she lying? Something to keep track of.

Wasn't Flynn one of the possible choices for VP? I think this new info puts that in a new light. 

Trump's approval ratings will sink lower. I think we could see calls for investigations into Flynn or even wider investigations from Republicans nervous about reelection. 

Most importantly: What did Trump know, and when? Was Trump aware of Flynn's call before the call was made? 

Note how it's always been a major point that Pence was not aware and was lied to. That could be a very important point soon. 


EDIT Tuesday AM: Kellyanne Conway is on the news this morning making it sound like the reason Flynn had to go was that he lied to Pence. This makes no sense because they've known for at least two weeks that he lied to Pence. 

Yates was fired immediately for insubordination, but Flynn stayed on for two weeks with the full confidence of the president? And it was Flynn's decision alone to resign? 

This all makes it sound very much like Flynn was not acting alone. Pence's role in all of this makes perfect sense if you look at it from the perspective that he's setting himself up to come out of this unscathed if it takes down Trump. 

EDIT Tuesday late AM: Republican Senator Roy Blunt is calling for an investigation into Trump's ties with Russia. Chaffetz says he's not investigating. Chaffetz should be investigated

EDIT Tuesday PM: Where's Reince Priebus?

EDIT Tuesday late PM: Spicer says Flynn was asked to resign. Yet another detail where Conway was out of the loop, or lying. Why does anyone have Conway on their show?

Trump was briefed about Flynn on Jan 26, almost three weeks ago. And now they've come up with the ""erosion of trust"" line. Smells like BS to me. The political situation became untenable, so he had to go. 

We need to know what Mike Pence knew, and when. Sounds like a good chance that Mike Pence lied to the country about Flynn's call. 

Steve Bannon is looking mighty lonely on the National Security Council. 

",1110
5txzyf,ddpwvmz,"Yes. This is how I've felt, too. 

""Kellyanne Conway blatantly violated ethics rules by brazenly advocating people buy Ivanka Trump products. Sources say she has received a stern talking to."" 

Finally someone actually *loses their job* from this bullshit corruption. Hopefully Trump isn't able to use Flynn as the lone-wolf scapegoat and avoid what should be a full-blown investigation into *his* ties with Russia. ",943
5c0pqa,d9ssivs,[deleted],3445
5c0pqa,d9sqnsn,"Democrats have now won the popular vote 6 out of the last 7 elections, but only taken the presidency 4 of those elections.",2370
5c0pqa,d9svots,"That incentive for voter apathy is the best reason of all to change the status quo.

Edit to add:  Thanks for the gold and upvotes.",1931
5c0pqa,d9sqlwp,There is 0% that a Republican congress will change the electoral college. There is 0% Democrats ever get a supermajority (66%) in the House.,1166
5c0pqa,d9svtbt,"To be fair, if it had been a direct nationwide vote, they would have campaigned much differently and we'd have gotten a different popular vote breakdown.",1153
5z7h4b,devvm6s,"Beyond how this will obviously adversely affect poor people, I'd be fascinated to see how 14 million less insured people will influence the midterm election results.",1422
5z7h4b,devvuse,"[And an estimated 24 million additional uninsured by 2026.](http://www.cnn.com/2017/03/13/politics/cbo-report-health-care/index.html)

[Also short/medium term premiums expected to be 15-20% higher than under the ACA](https://www.google.com/amp/www.cnbc.com/amp/2017/03/13/cbo-says-millions-lose-health-insurance-under-gop-obamacare-replacement.html)

Pretty amazing just how badly this thing scores out. ",796
5z7h4b,devvmea,"I fully expect that $337 billion number to touted loud and clear across the land. I can already hear the talking points.

Yeah, this will give cover to Freedom Caucus folks to vote for it. They'll fall back on fiscal conservatism and say that it will lower the deficit. It'll also give some potential cover for an increase in defense spending.",454
5z7h4b,devvoxg,"I mean, it could go both ways. Young people who don't have to pay for insurance may feel likely to reward Republicans for it.

It appears to me that a major chunk those ""losing coverage"" will be people who don't want insurance but feel forced to by the mandate.",438
5z7h4b,dew3fyf,"Fully half of those 14 millions will blame Obama and the Dems, it may affect it less than what you think?

The reverse; 20 million people getting insurance through the ACA didn't seem to affect the split between Dem/Rep support, except by maybe no-more than 3 points or so.",432
ezgw2p,fgn73c9,[removed],1866
ezgw2p,fgn6m9v,"Pretty much what I expected from the very start. Anyone with a head knew that the impeachment vote was going to come down to a party-line vote, save for maybe one or two people. (Amash and Romney)",456
ezgw2p,fgncxnq,"Even after all the shocking turns of events in recent years, this really sticks out to me. That ""the world's greatest deliberative body"" had a sham trial, that multiple jurors were more than happy to go out in public and announce how they planned to break their oaths of office, that not one fucking witness was called, is viscerally disgusting.

It's just the latest and saddest in a long run of sad, sad days for this country. Quick question, when trump refuses to leave office in one or god forbid five years, do you really think these republicans are going to stop him? My money is on them not even trying.",352
ezgw2p,fgn716b,[deleted],272
ezgw2p,fgn7mjj,[removed],252
5n8tv6,dc9kt9h,[removed],1264
5n8tv6,dc9ku3s,"CNN is staking their reputation on this story. If it's true, than this is huge. This could be impeachment level big, but who knows? Most Trump lovers will probably just shrug this off and say ""at least he's not Clinton.""",1166
5n8tv6,dc9l60y,[deleted],888
5n8tv6,dc9ks6s,"BuzzFeed alleges that this is the dossier:

http://s3.documentcloud.org/documents/3259984/Trump-Intelligence-Allegations.pdf

They also include disclaimers that the allegations are unverified and that the dossier contains blatant errors, take it as you will.

EDIT: added a direct link to the document. Buzzfeed's article is here:

https://www.buzzfeed.com/kenbensinger/these-reports-allege-trump-has-deep-ties-to-russia?utm_term=.wanvV2qRLV#.xl4a4zOnK4",766
5n8tv6,dc9p7fn,"Even *today* while testifying before the Senate intelligence committee, [Comey repeatedly declined](http://www.cnn.com/2017/01/10/politics/comey-republicans-hacked-russia/) to confirm or deny the existence of any investigation into Russia ties to any political campaign in the election:  

> ""I would never comment on investigations,"" Comey told Sen. Ron Wyden, an Oregon Democrat who repeatedly pushed the FBI director to release any information it had before Inauguration Day.  

> But Sen. Angus King of Maine, an Independent, alluded tartly to Comey's very public statements about investigations into Clinton during the election campaign -- ""the irony of you making that statement I cannot avoid.""  

Comey is a POS.",714
5r5o9g,dd4po23,"Trump's press release described Yates as ""very weak"" and implied she is a traitor by accusing her of betrayal. The use of such language - and implication the government officials should be loyal to the President, and not The Constitution - is yet another sign we are on the road to fascism. 

Trump seems set to purge anyone who will not allow him absolute unchecked authority from government. Yates will likely be the first of many purges from every branch of government. As soon as Trump gets any evidence of Graham or McCain communicating with The Ukrainian Government he will probably have them arrested for violating The Hatch Act. 

We're heading into dark times, America. ",1818
5r5o9g,dd4phgi,"Update: the acting director of Immigration and Customs Enforcement (ICE) was also fired, shortly after Yates.

http://www.nbcnews.com/news/us-news/trump-replaces-acting-director-immigration-enforcement-n714491

No explanation was given.

Edit: since this post is now at the top I'd like to expand on the ongoing situation.

I ask you where do you see this stopping? 

Remember, Donald Trump promised to have a deportation force to remove over 10 million undocumented immigrants, promised to punish women who get abortions, promised to bomb the innocent families of terrorists (Geneva Convention violation), recently threatened to ""send the Feds"" to Chicago if violence does not stop, his VP is openly and strongly anti-LGBTQ, he placed his white supremacist toady Bannon to a permanent position in the NSC and revoked the CJCS and DNI permanent seats. This is just a small sample.

What happens when American citizens, that may physically look like undocumented immigrants, get caught in a deportation raid? What happens when the American military murders innocent civilians? What happens when the Feds he threatened to send to Chicago kill innocent American citizens?

Where's the line here?",794
5r5o9g,dd4q9bb,[deleted],623
5r5o9g,dd4ortq,[deleted],483
5r5o9g,dd4qe3p,It is very frightening to witness. Every day I feel more and more detached from reality seeing this happen. It is honestly pretty scary wondering where this could go. I think the Republicans thought they could control him and he would be happy just following what they tell him and stamping anything they wanted. I think they have less Power over trump Than Bannon at this point. Bannon might have more power over trump then trump himself. Worrying indeed. ,469
4hrwn5,d2rs72t,[deleted],1673
4hrwn5,d2rsd3y,Bullet dodged. I'm going to take a second and thank every entity possible that Ted Cruz is not going to be our next president. President Cruz was always the darkest timeline. ,1220
4hrwn5,d2rs5b2,Knew it when Fiorina started choking up. Less than one week as a running-mate has gotta be a record.,755
4hrwn5,d2rsbu2,[removed],700
4hrwn5,d2rs7hq,This cycle is so goddamn unpredicatable. Now Trump will be free to chuck rocks at Hillary while she's still choking the last bit of life outa Bernie. ,629
elkxvb,fdilzsv,"Itâ€™s just so incredibly frustrating that this was all completely avoidable. The Trump administration might not have liked the Iran Nuclear Deal for whatever reason but at least it kept some sort of peace, but even after they ripped it up they had to go one step further and kill Suleimani. Apparently no one in the room thought this through? Of course Iran would retaliate, then we get trapped in this cycle of escalation and get trapped in yet another quagmire. America really canâ€™t help itself when it comes to bombing the shit out of the Middle East now can it?",209
elkxvb,fdin3g3,"Just to reiterate that this is absolutely no reason this should be happening. We had a deal with them. They were adhering to the agreement. Trump made a mountain where there was only a mole hill. His only reason for doing this, pulling out of the Paris Accord, strangling Obamacare, and rolling back regulation is that he is jealous of a black man that isn't even President anymore. He's paying for his stupidity in other's blood.

Edit: Added a word",166
elkxvb,fdits7z,"Interesting choice of targets. It looks like an attempt to pacify the IRGC and punish Kurdish and Sunni Iraqis, who by the way didn't vote for the troop withdrawal resolution, while not inflicting too much damage on the US.",157
elkxvb,fdipfbp,[deleted],134
elkxvb,fdiky4f,"It will be interesting to see where in the bases the missiles were targeted. Assuming they have guided missiles this could be a situation where they hit parts of the base where they know troops arenâ€™t located. This enables their state tv to run reports saying they bombed American (Iraqi) bases and thus retaliated. Trump did this in Syria, when he bombed the airfields.",120
k4qide,gea9ail,"Officers, thank god you're here! Those men, they tried to have sex with me!!",33809
k4qide,gea94mz,25 men is a lot of men for a homophobe,26566
k4qide,gea6mml,"> A source in the local police told the newspaper: ""We interrupted a gang bang.""

Great newspaper quotes of our time.",20226
k4qide,geaaca0,"Well, he was number 25, so it was only 24 *other* men. Just within range of being not gay",16004
k4qide,geacws0,"Because they have been sexually attracted to the same sex as themselves their entire lives, were told it was a choice, and assumed that *everyone* fights the same battles. 

But for the same reasons that any attempt at â€œconversion therapyâ€ invariably fails, biology wins in the end. 

Attention homophobes of Reddit! Kinsey scale 0 heterosexual here! We donâ€™t have gay urges, like, *not at all*!  If you are in a constant struggle to keep your gay desires in check, you arenâ€™t a sinner fighting off the temptations of the Devil - you are *probably just gay*!

And thatâ€™s OK! *Fabulous*, even!

Stop punishing yourself and others over your innate biology! Be yourself! Please!",12179
eclwg9,fbcatq1,UPDATE: vote on impeachment for Obstruction of Congress has also passed.,25996
eclwg9,fbcbpec,Friendly reminder to vote in the next election and in every election.,20398
eclwg9,fbccu8b,He won the popular vote twice in one night!,19822
eclwg9,fbcdtx6,"Okay for everyone wondering what impeachment is vs a removal of office.

Impeachment is like charging you with a crime. So the House of Representatives charged Trump with abuse of power & obstruction of congress.

Removal of office comes about when the House of Representatives vote by a majority to impeach on each charge (known as an Article of Impeachment), that goes to the Senate, and then by a 2/3 majority (67 Senators) in the Senate to vote to convict, and only then is the President is finally removed from office.

In other words, impeachment is like being charged by the DA for manslaughter, removal of office is when the jury decides you're guilty of manslaughter. The DA is the House, and the jury is the Senate in this analogy.

EDIT: Instead of giving me gold (just DM me your potatoes), please take the time to check that you're registered to [vote](https://www.vote.org/am-i-registered-to-vote/) and consider donating to the ACLU or [Fair Fight 2020](https://secure.actblue.com/donate/vsafairfight), an organization ran by Stacey Abrams (GA 2018 Gov nominee) that protects the right to vote. Fair Fight 2020 specifically focuses on fighting against voter purges.

EDIT 2:

I keep getting asked whether or not a President that has been impeached and removed from office can hold office again. He cannot if the Senate votes as to do as such specifically (source 3)

Source 1

The Constitution of the United States, Article 1, [Section 2](https://www.archives.gov/founding-docs/constitution-transcript#toc-section-2--2), Paragraph 5

> The House of Representatives shall have the sole Power of Impeachment

Source 2

The Constitution of the United States, Article 1, [Section 3](https://www.archives.gov/founding-docs/constitution-transcript#toc-section-3--2), Paragraph 6

> The Senate shall have sole Power to try all Impeachments. When sitting for that Purpose, they shall be on Oath or Affirmation. When the President of the United States is tried, the Chief Justice shall preside: And no Person shall be convicted without the Concurrence of two thirds of the Members present.

Source 3

The Constitution of the United States, Article 1, [Section 3](https://www.archives.gov/founding-docs/constitution-transcript#toc-section-3--2), Paragraph 7 

> Judgement in Cases of Impeachment shall not extend further than to removal from Office, and disqualification to hold and enjoy any Office of honor, Trust or Profit under the United States; but the Party convicted shall nevertheless be liable and subject to Indictment, Trial, Judgement and Punishment, according to Law.",15933
eclwg9,fbc9kst,"Just a reminder to everyone, unfortunately this doesn't mean he's not president anymore",15009
t3pgaz,hytpw8o,Thatâ€™s the funniest sanction Iâ€™ve ever seen,37488
t3pgaz,hytq27c,The sanctions are getting fucking brutal,36513
t3pgaz,hyttgn5,"The financial sanctions are one thing...but this is *personal.*

This is ""Fuck you in particular"" personal.",15207
t3pgaz,hytrje0,The pettiest are probably the ones that sting the most to his ego.,13043
t3pgaz,hytrp7j,I'm sorry I know the situation is serious but this is really funny.,10936
901p5f,e2n3w01,This seems like kind of a big deal.,25333
901p5f,e2n5loc,"**This is an extremely important article.**

> **Two weeks before his inauguration, Donald J. Trump was shown highly classified intelligence indicating that President Vladimir V. Putin of Russia had personally ordered complex cyberattacks to sway the 2016 American election.**
> 
> **The evidence included texts and emails from Russian military officers and information gleaned from a top-secret source close to Mr. Putin,** who had described to the C.I.A. how the Kremlin decided to execute its campaign of hacking and disinformation.
> 
> **Mr. Trump sounded grudgingly convinced**, according to several people who attended the intelligence briefing. But ever since, Mr. Trump has tried to cloud the very clear findings that he received on Jan. 6, 2017, which his own **intelligence leaders have unanimously endorsed.**

Trump has known since 14 days before his Inauguration that Vladimir Putin personally ordered the attacks on our elections. He has obfuscated and denied and covered for Putin for 558 days.

And Trump still has yet to directly state that Putin ordered the attack. The closest he has come is saying that Putin would be responsible as leader of his country (as covered in the article).

This is watershed. Trump is failing to serve America's best interest, and this behavior alone should rise to being an impeachable defense. No previous President in history would have survived aiding a foreign power in this way. 

**But this story is no longer about Trump. It's about the treasonous lack of spine by the Republican Party to act in the face of an attack by Russia, and a President who has become a clear and present danger to the United States.**",22986
901p5f,e2n45im,It still baffles me this is real life. ,16728
901p5f,e2n3ro6,"Upvote this shit to the top so everyone knows how the President of the United States has been lying to the American people for going on 2 years now, over and over again. He needs to be impeached immediately for obstruction of justice.",14609
901p5f,e2n8wki,"I remember my first job, I got fired for being late *once*. I pushed shopping carts.",13308
x96k3v,inmahj2,"She reigned for 30% of the existence of the United states. 

Mental.",20640
x96k3v,inm6qy7,It is so weird hearing the BBC reporters talking about the king and queen consort. It's so odd hearing the word king in reference to england,20528
x96k3v,inm7pmq,"Queen's first PM was Churchill, who was born 1874

Queen's last PM, Truss, born 1975",18896
x96k3v,inm699p,"And just like that, most of us will never see a Queen of the United Kingdom again.",15968
x96k3v,inm8dvz,"Isnâ€™t it wild, you think about how radical it was that her coronation was televisedâ€¦..and her death announced via Twitter.",14958
t0b6fb,hy96cxl,"Dear Ukrainians!

I heard on social media that there is fake news being spread (most likely by Russia backed trolls) that polish border is closed.

It's a lie.

If you seek asylum - go towards polish border. We are ready for your arrival. We have reception points ready at the border where you can find shelter, food, medical and legal aid.

Polish government launched a dedicated site to help you: ua.gov.pl

Please share this information if you know anyone seeking help right now.

EDIT: YOU DON'T NEED VISA TO PASS THROUGH POLISH BORDER. ALL YOU NEED IS PASSPORT. VISAS ARE SUSPENDED! YOU DON'T NEED THEM FOR TIME BEING!!!!!!

EDIT2: as a proof that you no longer need visa:

â€¢	â in Ukrainian https://www.gov.pl/web/udsc/ukraina---ua
â€¢	â in English https://www.gov.pl/web/udsc/ukraina-en",28345
t0b6fb,hy8mbn3,"All the gulag jokes aside, this is what we need right now. Russians who will be heard, taking a stance against Putin. Putins propaganda needs to be stopped and interfered.",26214
t0b6fb,hy8m9xl,"These guys have balls, willing to risk their lives to stand up to one of the cruelest leaders in the world.",18418
t0b6fb,hy8odn1,"My biggest wish is that this invasion backfires spectaculary and leads to Putin's downfall, not that I'm stupid enough to think it'll actually happen though",15176
t0b6fb,hy8nqnr,"These people are our biggest hope right now. To be more precise, a unified large-scale opposition in Russia would be the only proper way for this madness to stop, so letâ€™s hope the Russian people see through Putinâ€˜s bullshit nationalist agenda.",14222
t1o8wq,hyh73di,Give this man everything.,22867
t1o8wq,hyhcnoq,Zelensky is a real ride or die motherfucker.,19004
t1o8wq,hyh8vi3,"This is not brave....this is something else.

Not many politicians would choose to stay and fight when a superior army is gaining towards their  position and they are the number 1 target of said army.

He was going to go down in history as the comedian who became a president. 

Now whether he makes it or not, he will go down as a president that looked death in the eye and did not flinch.",15990
t1o8wq,hyhahlq,"He isnâ€™t a politician, heâ€™s a leader.",14440
t1o8wq,hyh7fo0,"That's a wartime one-liner right up there with Jean Danjou's ""We have munitions. We will not surrender.""",13888
t1f287,hyfmsoe,"""Hackers all around the world: target Russia in the name of #Anonymous let them know we do not forgive, we do not forget. Anonymous owns fascists, always,"" the group tweeted.

good job guys!

plz donate to Canadian Red Cross for Ukraine support. Canadian gouv match your donation dollar for dollar.

I donated: https://i.imgur.com/iMa1nXe.png

https://old.reddit.com/r/worldnews/comments/t1dooq/canada_will_match_individual_donations_to_red/



Our thought, our song

Will not die, will not perishâ€¦

Oh there, people, is our glory,

Glory of Ukraine!

Direct link to support UA Army: https://bank.gov.ua/en/news/all/natsionalniy-bank-vidkriv-spetsrahunok-dlya-zboru-koshtiv-na-potrebi-armiyi

https://old.reddit.com/r/volunteersForUkraine/",20451
t1f287,hyfzur2,"Honestly Russia is succeeding in one thing right now, uniting a lot of the world against them.  


Truly a bold approach",19722
t1f287,hyg2gpf,"Never did I think that the Taliban, Anonymous, and Pornhub would join forces to fight a common enemy, but here we are.",17561
t1f287,hyfr4j0,How sweet would it be for Russia to end the war due to cyber security issues and hacking,15471
t1f287,hyfnz9n,"Doesnâ€™t look like passwords but rather encrypted/hashed passwords although some are in brackets in plain text.

But this part is interesting (although appears false):

Even Pornhub had its say by blocking Russian users and greeting them with the Ukrainian flag and a message of support.",11298
4d75i7,d1obdg2,"**edit 7: [live thread](https://www.reddit.com/live/wp1fvdxxwb45/)**

Over 100 news agencies sitting in 100 contries all over the world are disclosing the panama papers tonight at the exact same time. This will be a huge hit for several large figures in world sports, politics and economy. Names like Lionel messi, Vladimir Putin and the prime minister of Iceland are already leaked. I am curious to see who turns up as well. What a leak!! All coordinated by German newspaper namely the Sueddeutsche Zeitung. As op linked to

Before reading further: 
Here is a nice ELI5 of shell company procedures and how they work written by /u/Jaredlong:

>Taxes sure do suck, right? Imagine how much money you could keep if you simply didn't pay them. Generally, for businesses, they only pay taxes on their profits, so what if you could hide some of those profits from the government? After all, they can only tax money they can prove exists. One method for lowering profits, is to ncrease spending, by re-investing in the company, making higher quality products, maybe even paying your employees more, OR you can ""spend"" that extra profit buying fake services from a fake company. What has been happening in Panama is a company has been selling these fake businesses, that corporations then use to make massive fake transactions. Officially, the taxman sees money flowing into these fake businesses, but now we all know for a fact that those fake businesses are in fact fake. This accounts for potentially several trillions of dollars worth of money that should have been taxed, but has been illegally hidden.

*pls note that this is a subjective ELI5 and there are indeed some reasons/scenarios where shell companies operate for legit reasons! (thanks /u/Toppo) [orig. comment](https://www.reddit.com/r/worldnews/comments/4d75i7/26_terabyte_leak_of_panamanian_shell_company_data/d1og7kz)*

Edit: 'Die Zeit' another big German newspaper writes that about 200k  letterbox companies (in total 11.5 million records) are disclosed... Jesus what is going on. This will be big news for the next few weeks (hopefully longer than that!)

Edit2: the icij had released a YouTube video [here:](https://youtu.be/F6XnH_OnpO0) which sums up what is in those documents. (Even if someone is speaking in the video very calm there is really disturbing stuff in there like people trafficking and sex slavery etc...)

Edit3: [here](https://panamapapers.icij.org/graphs)  are some graphs generated from the data showing it goes back to the 80s. The official site is very informative and what is in there. I guess they will also have them for download somewhere...

edit4:

big hands to /u/AsshatVik composing the list of head of states (as /u/kaisermatias said, most of the names on the list are head of governments not head of states...):
    
    The 12 heads of state are:

    Mauricio Macri, president or Argentina.

    Bidzina Ivanishvill. ex PM of Georgia

    Sigmundur something something, PM of Iceland.

    Ayad H. Allawi, ex PM of Iraq.

    Ali Abu-Ragheb, ex PM of Jordan.

    Hamad Jasim J.M. Al-Thani, ex PM of Qatar.

    Sheik Al-Thani, Emir of Qatar.

    HRH Prince Salman, King of Saudi Arabia

    Ahmad Al-Nirghani, ex-president of Sudan

    Sultan Al-Nahyan, president of the UAE.

    Pavlo Lazarenko, ex-PM of Ukraine.

    Petro Poroshenko, president of Ukraine.

    Update of /u/AsshatVik

    Mohammed VI of Morocco might also be involved. Mossack Fonseca created the company to which his personal yatch is registered.


    Family members of Ilham Aliyev, president of Azerbajan also used Fonseca to manage mining and real estate investments.
     

    8 High echelon communist party members of People's Republic of China also used their services. Xi Jinping is amongst them, who's linked to two businesses in the British Virgin Islands.





edit 5:
[here](https://projects.icij.org/panama-papers/power-players/?lang=en) you have a nice website where also Relatives/associates of country leaders of people on the list are listed (which themselves are again on the list)



*obligatory: THANKS FOR THE GOLD STRANGERS!!*



edit 6: **For all germans**. There are germans on the list. No politicians (or other high stake figures) but new evidence on the siemens scandal (from the top of my head I don't know which he was referring to..;D) for example. Mossak Fonseca is helping germans massively in the act of tax evasion.  There is not a single german bank not on the list except ""Sparkasse"" etc... (those who are more or less government affiliated) **for non germans** not all names are already leaked since the journalists give those on the list the opportunity to comment on the accusation. (as seen with the pm of iceland)


**edit 7: [live thread](https://www.reddit.com/live/wp1fvdxxwb45/)**",12068
4d75i7,d1obyjq,"Biggest leak in the history of data journalism, according to Snowden. And it's about corruption. 

This is great news.

",10300
4d75i7,d1oe1kc,[deleted],10129
4d75i7,d1oci56,"Christ

> In the past 12 months, around 400 journalists from more than 100 media organizations in over 80 countries have taken part in researching the documents.",9792
4d75i7,d1obkbm,"This *could* be one of the biggest and most important leaks of all time.

Maybe finally people will wake up and realise that the entire world economic system is completely corrupted.",6174
t20u4i,hyj23uk,">Russia will be disconnected from the international payment system SWIFT. The official decision has not yet been formalized, but technical preparations for the adoption and implementation of this step have already begun, said Ukrainian Foreign Minister Dmytro Kuleba on his Facebook page.  
>  
>""We gnawed and gnawed and gnawed at it. All Ukrainian diplomacy worked â€“ from the President of Ukraine to the attachÃ© in the Ukrainian embassy. Ukrainian diplomats dedicate this victory to all defenders of Ukraine,"" Kuleba wrote.  
>  
>Sources close to negotiation process on the policy of sanctions told the Ukrainian news outlet LB.ua that after the consent of Hungary and Cyprus, only the position of Germany was preventing the disconnection of Russia from SWIFT. Such step requires the consent of all EU member states. The Radio Free Europe/Radio Liberty's editor, Rikard Jozwiak,  has reported that Germany has also given its consent.  
>  
>SWIFT, which stands for Society for Worldwide Interbank Financial Telecommunications, is controlled by the National Bank of Belgium and central banks from the US, UK, EU, Japan, Russia, China and others. It delivers secure messages to more than 11,000 financial institutions and companies in more than 200 countries and territories.  
>  
>Only one country was removed from SWIFT in its history. in 2012, Iran was blocked from SWIFT as part of a series of measures aimed at curbing the Islamic Republic's nuclear program.  
>  
>Ukrainian President Volodymyr Zelensky expressed hope that Germany and Hungary would have the courage to support the decision to disconnect Russia from SWIFT.  
>  
>""The blood of innocent Ukrainian men, women and children will be on the hands of those who will block Russia's disconnection from SWIFT,"" Ukrainian Foreign Minister Dmytro Kuleba said earlier. He also called on the world community to completely isolate Russia, expel ambassadors, impose an oil embargo and destroy the aggressor's economy.",18603
t20u4i,hyj2j6f,The Oligarchs should have put their rabid dog down long ago. Now they will pay for him,10038
t20u4i,hyj4lio,"While it is used to process transactions, it does not move or hold money and securities. SWIFT uses standardized codes for instructions that enable banks to process payments quickly.

It was founded in 1973. In 2021, the service was used by more than 11,000 financial institutions in more than 200 countries. It processes around 10 billion financial messages a year.

Who owns SWIFT?

SWIFT is owned by member banks. It is governed by a 25-member board of directors. According to its website, it is overseen by the G10 central banks â€” Belgium, Canada, France, Germany, Italy, Japan, the Netherlands, Great Britain, the United States, Switzerland and Sweden â€” as well as the European Central Bank.

How is it used?

The format is used by financial institutions to facilitate cross-border payments.

For instance, if a company in France is buying a product from Russia, the French company can transfer money from its French bank account to the Russian companyâ€™s bank account by using the Russian companyâ€™s account number and its SWIFT code.

The French company will then send a message via SWIFT to the Russian company that the transfer of the money is incoming, and that it can access the funds.

What happens if Russia is removed from SWIFT?

If Russia is removed from SWIFT, the countryâ€™s ability to do business with other countries would be impacted. Shipments of metals, oil, gas and other commodities could stop for at least some period of time.

â€œIf Russia is disconnected from SWIFT, then we will not receive [foreign] currency, but buyers, European countries in the first place, will not receive our goods,â€ Nikolai Zhuravlev, vice speaker of Russiaâ€™s upper house of parliament, said last month.

According to the Financial Times, the European Central Bank has warned lenders that Russia may be suspended from SWIFT.

If Russia is suspended from SWIFT, the country would see a significant economic disruption for a period of time, Elina Ribakova, an economist at the Washington-based Institute for International Finance, told Radio Free Europe.

The disruption could cause the Russian economy to contract and send the countryâ€™s currency, the ruble, tumbling in the short term, Ribakova said.

A major disruption would likely be temporary, though, as Russia would have some tools to combat a suspension.

What can Russia do about it?

Russia does have its own payment system, the System for Transfer of Financial Messages (SPFS), but it is a much smaller operation than SWIFT.

SPFS has around 400 users and is responsible for about 20% of domestic transfers, so being cut off from SWIFT would cause major financial problems for the country.

Source: https://www.kiro7.com/news/trending/what-is-swift-what-happens-if-russians-are-cut-off-it/HIUXX6HZK5DV7GPT77ETSI6XDY/

Edit: added source as requested.",7371
t20u4i,hyj3m90,"Would this be used as a bargaining chip to cease hostilities or for further negotiations on being readmitted, such as surrendering Crimea? I know that the resources and strategic value of the location are too essential but crippling the economic infrastructure for Russia wasnâ€™t used back in 2014. How much will this hurt Russia is what I guess Iâ€™m asking.",6318
t20u4i,hyj2m6x,"Finally. Without money, logistics will start to fail.",5750
